rank,uri,artist_names,track_name,source,peak_rank,previous_rank,weeks_on_chart,streams
1,"spotify:track:2HafqoJbgXdtjwCOvNEF14","iñigo quintero","Si No Estás","Acqustic",1,6,5,"40037629"
2,"spotify:track:3rUGC1vUpkDG9CZFHMur1t","Tate McRae","greedy","RCA Records Label",2,5,6,"39530751"
3,"spotify:track:7x9aauaA9cu6tyfpHnqDLo","Jung Kook, Latto","Seven (feat. Latto) (Explicit Ver.)","BIGHIT MUSIC",1,2,15,"39084697"
4,"spotify:track:4MjDJD8cW7iVeWInc2Bdyj","Bad Bunny","MONACO","Rimas Entertainment LLC",1,1,2,"36609863"
5,"spotify:track:7iQXYTyuG13aoeHxGG28Nh","Bad Bunny, Feid","PERRO NEGRO","Rimas Entertainment LLC",4,4,2,"35627250"
6,"spotify:track:56y1jOTK0XSvJzVv9vHQBK","Doja Cat","Paint The Town Red","Kemosabe Records/RCA Records",1,3,12,"35527403"
7,"spotify:track:1BxfuPKGuaTgP7aM0Bbdwr","Taylor Swift","Cruel Summer","Taylor Swift",2,8,38,"34221242"
8,"spotify:track:5mjYQaktjmjcMKcUIcqz4s","Kenya Grace","Strangers","Warner Records/Major Recordings",4,9,8,"29651112"
9,"spotify:track:3vkCueOmm7xQDoJ17W1Pm3","Mitski","My Love Mine All Mine","Dead Oceans",9,15,5,"26782564"
10,"spotify:track:01qFKNWq73UfEslI0GvumE","Jung Kook, Jack Harlow","3D (feat. Jack Harlow)","BIGHIT MUSIC",3,10,4,"25756565"
11,"spotify:track:5RqSsdzTNPX1uzkmlHCFvK","KAROL G, Peso Pluma","QLONA","Bichota/Interscope Records",5,13,11,"25562138"
12,"spotify:track:5aIVCx5tnk0ntmdiinnYvw","Tyla","Water","FAX Records/Epic",12,22,5,"24826187"
13,"spotify:track:7ABLbnD53cQK00mhcaOUVG","Myke Towers","LALA","WEA Latina",1,16,17,"23522164"
14,"spotify:track:0rKWJnmo6Q0ovoPOLoLm0t","The Kid LAROI, Jung Kook, Central Cee","TOO MUCH","Columbia",14,-1,1,"22597244"
15,"spotify:track:2YSzYUF3jWqb9YP9VXmpjE","Drake, Yeat","IDGAF (feat. Yeat)","OVO/Republic",5,12,3,"21914163"
16,"spotify:track:6uIIdjYTxxpWOyWuVXrKQO","Calle 24, Chino Pacas, Fuerza Regida","Que Onda","Street Mob Records - Rancho Humilde",16,34,8,"19722805"
17,"spotify:track:4bw8mcDUSRWfQo63ZTYRnU","Maluma, Carin Leon","Según Quién","Sony Music Latin",17,31,6,"19645984"
18,"spotify:track:3nNmRE0DxHC6ZaKkrpUumS","Bad Bunny, Young Miko","FINA","Rimas Entertainment LLC",7,7,2,"19348471"
19,"spotify:track:3cDyocF0Ibdfs1SFQk5cLZ","Darell","Lollipop","Sony Music Latin",19,78,3,"19168423"
20,"spotify:track:5XeFesFbtLpXzIVDNQP22n","Arctic Monkeys","I Wanna Be Yours","Domino Recording Co",15,25,68,"18693761"
21,"spotify:track:1kuGVB7EU95pJObxwvfwKS","Olivia Rodrigo","vampire","Olivia Rodrigo PS",1,27,17,"18050217"
22,"spotify:track:7mXuWTczZNxG5EDcjFEuJR","Peso Pluma, Gabito Ballesteros, Junior H","LADY GAGA","Double P Records",9,30,18,"17696804"
23,"spotify:track:1odExI7RdWc4BT515LTAwj","David Kushner","Daylight","Miserable Music Group, LLC",5,33,28,"17485029"
24,"spotify:track:0ug5NqcwcFR2xrfTkc7k8e","Taylor Swift","Style","Big Machine Records, LLC",24,45,32,"17297803"
25,"spotify:track:6wf7Yu7cxBSPrRlWeSeK0Q","Billie Eilish","What Was I Made For? [From The Motion Picture ""Barbie""]","Darkroom/Interscope Records",3,32,15,"17002775"
26,"spotify:track:5PyDJG7SQRgWXefgexqIge","Doja Cat","Agora Hills","Kemosabe Records/RCA Records",26,63,5,"16979588"
27,"spotify:track:1u8c2t2Cy7UBoG4ArRcF5g","Taylor Swift","Blank Space","Big Machine Records, LLC",27,43,98,"16946544"
28,"spotify:track:59NraMJsLaMCVtwXTSia8i","cassö, RAYE, D-Block Europe","Prada","Ministry of Sound Recordings",17,37,10,"16878718"
29,"spotify:track:4Dvkj6JhhA12EX05fT7y2e","Harry Styles","As It Was","Columbia",1,38,82,"16711780"
30,"spotify:track:4rXLjWdF2ZZpXCVTfWcshS","Gunna","fukumean","300 Entertainment",9,28,19,"16612862"
31,"spotify:track:7MXVkk9YMctZqd1Srtv4MB","The Weeknd, Daft Punk","Starboy","Universal Republic Records",1,44,160,"16212758"
32,"spotify:track:1Qrg8KqiBpW07V7PNxwwwL","SZA","Kill Bill","Top Dawg Entertainment/RCA Records",1,40,46,"15954206"
33,"spotify:track:1vYXt7VSjH9JIM5oRRo7vA","Dua Lipa","Dance The Night - From Barbie The Album","Atlantic Records",5,41,22,"15648296"
34,"spotify:track:5Eh1nj7IjV9lwpcKAkidyY","Troye Sivan","One Of Your Girls","EMI Recorded Music Australia Pty Ltd",34,69,2,"15629498"
35,"spotify:track:5ixdmTpCmH5diBA1j154wN","Bad Bunny","UN PREVIEW","Rimas Entertainment LLC",9,17,5,"15619890"
36,"spotify:track:7aqfrAY2p9BUSiupwk3svU","Drake, J. Cole","First Person Shooter (feat. J. Cole)","OVO/Republic",6,29,3,"15429697"
37,"spotify:track:4qSEvFGCpde73gqIuq3sho","Bad Bunny, Mora","HIBIKI","Rimas Entertainment LLC",11,11,2,"15193350"
38,"spotify:track:6XbtvPmIpyCbjuT0e8cQtp","Quevedo","Columbia","Quevedo",7,36,16,"15125336"
39,"spotify:track:4KULAymBBJcPRpk1yO4dOG","Zach Bryan, Kacey Musgraves","I Remember Everything (feat. Kacey Musgraves)","Warner Records",20,51,9,"14379614"
40,"spotify:track:0V3wPSX9ygBnCm8psDIegu","Taylor Swift","Anti-Hero","Taylor Swift",1,56,53,"14351931"
41,"spotify:track:2LBqCSwhJGcFQeTHMVGwy3","The Weeknd","Die For You","Universal Republic Records",12,53,89,"14259692"
42,"spotify:track:7jtQIBanIiJOMS6RyCx6jZ","Tom Odell","Another Love","ITNO/Columbia",15,55,133,"14113053"
43,"spotify:track:4SW9gHnW8NfKOdqmh0ij45","Bizarrap, Milo j","Fruto","DALE PLAY Records",42,50,3,"14085273"
44,"spotify:track:2QjOHCTQ1Jl3zawyYOpxh6","The Neighbourhood","Sweater Weather","Columbia",19,57,165,"13795335"
45,"spotify:track:1dGr1c8CrMLDpV6mPbImSI","Taylor Swift","Lover","Taylor Swift",2,59,38,"13561467"
46,"spotify:track:25OeKzcqakFPaJlXHPE5lm","Carin Leon","Primera Cita","Socios Music LLC",21,62,17,"13202801"
47,"spotify:track:1iLbUmb2b2btyAAcQ68a1p","Bizarrap, Milo j","Milo J: Bzrp Music Sessions, Vol. 57","DALE PLAY Records",13,47,3,"13178562"
48,"spotify:track:7DSAEUvxU8FajXtRloy8M0","Miley Cyrus","Flowers","Columbia",1,60,41,"13154399"
49,"spotify:track:3hUxzQpSfdDqwM3ZTFQY0K","Taylor Swift","august","Taylor Swift",11,66,38,"12571629"
50,"spotify:track:4iZ4pt7kvcaH6Yo8UoZ4s2","SZA","Snooze","Top Dawg Entertainment/RCA Records",32,73,44,"12514156"
51,"spotify:track:6XSqqQIy7Lm7SnwxS4NrGx","Feid, Young Miko","Classy 101","UMLE - Latino",8,67,30,"12490094"
52,"spotify:track:6WzRpISELf3YglGAh7TXcG","The Weeknd, Playboi Carti, Madonna","Popular (with Playboi Carti & Madonna) - Music from the HBO Original Series","XO / Republic Records",16,68,21,"12329706"
53,"spotify:track:2FDTHlrBguDzQkp7PVj16Q","Dave, Central Cee","Sprinter","Neighbourhood / Live Yours",6,65,21,"12311135"
54,"spotify:track:2sTDlCxmuZCTDKKk9f1qus","Bad Bunny","WHERE SHE GOES","Rimas Entertainment LLC",2,24,23,"12242659"
55,"spotify:track:6RcAHyC5sAUIbPTkhOQwd8","Junior H","Y LLORO","WEA Latina",55,104,3,"12138831"
56,"spotify:track:2dHHgzDwk4BJdRwy9uXhTO","Metro Boomin, The Weeknd, 21 Savage","Creepin' (with The Weeknd & 21 Savage)","Republic Records",2,74,47,"12119372"
57,"spotify:track:6wsqVwoiVH2kde4k4KKAFU","Travis Scott","I KNOW ?","Cactus Jack/Epic",14,70,13,"12108880"
58,"spotify:track:2yzshFeBIwH8tWIqHEFLeD","Grupo Frontera, Bad Bunny","un x100to","Grupo Frontera",1,64,28,"12097744"
59,"spotify:track:1s7oOCT8vauUh01PbJD6ps","Rema, Selena Gomez","Calm Down (with Selena Gomez)","Mavin Records / Jonzing World",9,80,61,"12029451"
60,"spotify:track:3qQbCzHBycnDpGskqOWY0E","Eslabon Armado, Peso Pluma","Ella Baila Sola","DEL Records",1,71,32,"11957480"
61,"spotify:track:4R2kfaDFhslZEMJqAFNpdd","Taylor Swift","cardigan","Taylor Swift",1,75,44,"11817005"
62,"spotify:track:0VjIjW4GlUZAMYd2vXMi3b","The Weeknd","Blinding Lights","Republic Records",1,81,204,"11783258"
63,"spotify:track:3NhstUmrlhaN1M6hP8zMbb","Bad Bunny","BABY NUEVA","Rimas Entertainment LLC",19,19,2,"11773551"
64,"spotify:track:3hRV0jL3vUpRrcy398teAU","Lord Huron","The Night We Met","IAMSOUND",55,79,53,"11763089"
65,"spotify:track:1YnChEM51BVZ5dRhbVFEMl","Bad Bunny, Bryant Myers","SEDA","Rimas Entertainment LLC",18,18,2,"11742950"
66,"spotify:track:3Ua0m0YmEjrMi9XErKcNiR","Jimin","Like Crazy","BIGHIT MUSIC",15,82,31,"11643510"
67,"spotify:track:3FvTHuefYV6TxE3Kseqno8","Gabito Ballesteros, Natanael Cano","LOU LOU","Los CT Records",67,-1,1,"11584606"
68,"spotify:track:5sdQOyqq2IDhvmx2lHOpwd","NewJeans","Super Shy","ADOR",9,77,16,"11538976"
69,"spotify:track:3xMHXmedL5Rvfxmiar9Ryv","Anirudh Ravichander, Arijit Singh, Shilpa Rao, Kumaar","Chaleya","T-Series",22,61,8,"11526969"
70,"spotify:track:0O3U5iwTbiXCREMkvotJuN","Grupo Frontera, Grupo Firme","EL AMOR DE SU VIDA","Grupo Frontera",57,98,12,"11517087"
71,"spotify:track:1R0a2iXumgCiFb7HEZ7gUE","Taylor Swift","Don’t Blame Me","Big Machine Records, LLC",71,84,62,"11323120"
72,"spotify:track:3IX0yuEVvDbnqUwMBB3ouC","Olivia Rodrigo","bad idea right?","Olivia Rodrigo PS",5,76,11,"11302285"
73,"spotify:track:0JmnkIqdlnUzPaf8sqBRs3","Kali Uchis","Moonlight","Geffen Records",37,85,33,"11211147"
74,"spotify:track:7KA4W4McWYRpgf0fWsJZWB","Tyler, The Creator, Kali Uchis","See You Again (feat. Kali Uchis)","Columbia",16,86,35,"11079375"
75,"spotify:track:54zcJnb3tp9c5OVKREZ1Is","KAROL G","MI EX TENÍA RAZÓN","Bichota/Interscope Records",22,88,11,"11060876"
76,"spotify:track:2TJKY0WSFufZOzbRNgl6zE","Alex Favela, Grupo Marca Registrada, Joaquin Medina","ELOVRGA","Rios Music/ Outerspace Music/ Boba Records Corporation",59,89,8,"11030922"
77,"spotify:track:5h1BN75CEh8wdSwE1xrbSe","V","Slow Dancing","BIGHIT MUSIC",13,72,7,"11022823"
78,"spotify:track:0mflMxspEfB0VbI1kyLiAv","Noah Kahan","Stick Season","Mercury Records/Republic Records",78,161,3,"11011021"
79,"spotify:track:7K3BhSpAxZBznislvUMVtn","Morgan Wallen","Last Night","Big Loud Records / Mercury Records / Republic Records",14,95,38,"10977647"
80,"spotify:track:3AJwUDP919kvQ9QcozQPxg","Coldplay","Yellow","Parlophone UK",50,92,149,"10763139"
81,"spotify:track:0RiRZpuVRbi7oqRdSMwhQY","Post Malone, Swae Lee","Sunflower - Spider-Man: Into the Spider-Verse","Republic Records",1,102,255,"10742749"
82,"spotify:track:6IPwKM3fUUzlElbvKw2sKl","girl in red","we fell in love in october","world in red",73,91,13,"10577874"
83,"spotify:track:6gcuJpHu0Ey30D5WR76y98","JENNIE","You & Me","YG Entertainment/Interscope Records",56,83,3,"10504330"
84,"spotify:track:7qEHsqek33rTcFNT9PFqLf","Lewis Capaldi","Someone You Loved","Vertigo Berlin",4,99,250,"10484959"
85,"spotify:track:31nfdEooLEq7dn3UMcIeB5","BENNETT","Vois sur ton chemin - Techno Mix","Warner Music Central Europe",85,121,5,"10409940"
86,"spotify:track:7KokYm8cMIXCsGVmUvKtqf","Taylor Swift","Karma","Taylor Swift",8,105,35,"10409209"
87,"spotify:track:4fYte8ZvTK14NEhAOZocBi","OneRepublic","I Ain't Worried","Interscope Records",7,107,73,"10353356"
88,"spotify:track:7CyPwkp0oE8Ro9Dd5CUDjW","The Weeknd, JENNIE, Lily-Rose Depp","One Of The Girls (with JENNIE, Lily Rose Depp)","XO / Republic Records",88,155,3,"10207177"
89,"spotify:track:6irysuQyZWd7Bjj7ePiOs2","Jhayco","Holanda","N&E Entertainment LLC",29,97,11,"10201663"
90,"spotify:track:2UW7JaomAMuX9pZrjVpHAU","Yng Lvcas, Peso Pluma","La Bebe - Remix","WM Mexico",3,94,32,"10189461"
91,"spotify:track:7F4tV8SiUy6itZTdAzdafO","Nadhif Basalamah","penjaga hati","After School",91,154,2,"10138731"
92,"spotify:track:4uUG5RXrOk84mYEfFvj3cK","David Guetta, Bebe Rexha","I'm Good (Blue)","Parlophone UK",2,103,61,"10116555"
93,"spotify:track:3xKsf9qdS1CyvXSMEid6g8","Frank Ocean","Pink + White","Boys Don't Cry",81,101,23,"10101307"
94,"spotify:track:1yeB8MUNeLo9Ek1UEpsyz6","Drake, Sexyy Red, SZA","Rich Baby Daddy (feat. Sexyy Red & SZA)","OVO/Republic",28,100,3,"10098029"
95,"spotify:track:1FEiijYPJtyswChfcpv3p0","Lana Del Rey","Summertime Sadness","Urban",83,110,63,"10020902"
96,"spotify:track:2InS5VWKJQbsFBKOsf1cJB","Dj GBR, Mc IG, MC Ryan SP, MC PH, Mc Davi, Mc Luki, Mc Don Juan, Mc Kadu, TrapLaudo, MC GP, MC GH do 7","Let's Go 4","GR6 Music",88,145,6,"9986277"
97,"spotify:track:0u2P5u6lvoDfwTYjAADbn4","Billie Eilish, Khalid","lovely (with Khalid)","Darkroom",24,120,288,"9917205"
98,"spotify:track:7yIIeKUxTpn36X6CFJhgEi","Bellakath, Dani Flow","Reggaeton Champagne","La Mafia del Perreo",98,163,3,"9875895"
99,"spotify:track:68Dni7IE4VyPkTOH9mRWHr","J. Cole","No Role Modelz","Roc Nation Records LLC",76,113,118,"9772108"
100,"spotify:track:1xK59OXxi2TAAAbmZK0kBL","d4vd","Romantic Homicide","Darkroom/Interscope Records",17,115,60,"9771485"
101,"spotify:track:1mea3bSkSGXuIRvnydlB5b","Coldplay","Viva La Vida","Parlophone UK",57,109,61,"9741160"
102,"spotify:track:3tt9i3Hhzq84dPS8H7iSiJ","Manuel Turizo","La Bachata","Sony Music Latin/La Industria",4,112,69,"9702917"
103,"spotify:track:5g7sDjBhZ4I3gcFIpkrLuI","Bruno Mars","Locked out of Heaven","Atlantic Records",39,119,72,"9699383"
104,"spotify:track:7j4OmvkjRz0PrjFADlHfQx","Adele","Set Fire to the Rain","XL Recordings",61,125,46,"9679366"
105,"spotify:track:0ofHAoxe9vBkTCp2UQIavz","Fleetwood Mac","Dreams - 2004 Remaster","Rhino/Warner Records",20,135,64,"9617255"
106,"spotify:track:22skzmqfdWrjJylampe0kt","Macklemore & Ryan Lewis, Macklemore, Ryan Lewis, Ray Dalton","Can't Hold Us (feat. Ray Dalton)","Macklemore",95,117,89,"9613056"
107,"spotify:track:2N0SPREDYqILVEFSsWF5N5","V","Love Me Again","BIGHIT MUSIC",11,116,11,"9610790"
108,"spotify:track:0cqRj7pUJDkTCEsJkx8snD","Taylor Swift","Shake It Off","Big Machine Records, LLC",108,151,24,"9565023"
109,"spotify:track:01ppKlDRCmPpusO3yNrSRY","Bad Bunny, Luar La L","TELEFONO NUEVO","Rimas Entertainment LLC",21,21,2,"9538368"
110,"spotify:track:6dgUya35uo964z7GZXM07g","Sabrina Carpenter","Nonsense","Island Records",17,126,41,"9516662"
111,"spotify:track:6ZprqcYFC6D9eIZaCoqrSn","Drake, Bad Bunny","Gently (feat. Bad Bunny)","OVO/Republic",14,58,3,"9512531"
112,"spotify:track:7yq4Qj7cqayVTp3FF9CWbm","Vance Joy","Riptide","Atlantic Records",81,118,141,"9502619"
113,"spotify:track:3USxtqRwSYz57Ewm6wWRMp","Glass Animals","Heat Waves","Polydor Records",1,128,148,"9484820"
114,"spotify:track:3zSSCPpLZ5Oc8nelhhGjKz","AUR","Tu hai kahan","Sony Music Entertainment",114,-1,1,"9482286"
115,"spotify:track:567e29TDzLwZwfDuEpGTwo","The Kid LAROI, Justin Bieber","STAY (with Justin Bieber)","Columbia",1,114,120,"9481220"
116,"spotify:track:505v13epFXodT9fVAJ6h8k","KAROL G","AMARGURA","Universal Music Latino",53,108,23,"9443957"
117,"spotify:track:23RoR84KodL5HWvUTneQ1w","Peggy Gou","(It Goes Like) Nanana - Edit","XL Recordings",21,111,18,"9441095"
118,"spotify:track:1JSTJqkT5qHq8MDJnJbRE1","The Police","Every Breath You Take","Polydor Records",109,139,101,"9428742"
119,"spotify:track:086myS9r57YsLbJpU0TgK9","Arctic Monkeys","Why'd You Only Call Me When You're High?","Domino Recording Co",95,124,99,"9425025"
120,"spotify:track:1JgknGBbrfmEHeOZH051SS","SUICIDAL-IDOL","ecstacy (slowed)","AVR",120,129,4,"9415110"
121,"spotify:track:4RvWPyQ5RL0ao9LPZeSouE","Tears For Fears","Everybody Wants To Rule The World","UMC (Universal Music Catalogue)",91,138,59,"9344495"
122,"spotify:track:58ge6dfP91o9oXMzq3XkIS","Arctic Monkeys","505","Domino/Warner Records",43,127,95,"9319123"
123,"spotify:track:5gDWsRxpJ2lZAffh5p7K0w","The Weeknd, Lana Del Rey","Stargirl Interlude","Universal Republic Records",99,137,65,"9195462"
124,"spotify:track:3EaJDYHA0KnX88JvDhL9oa","Steve Lacy","Dark Red","Three Quarter",66,148,99,"9098655"
125,"spotify:track:1ODFVLQszq0hCOdZtqV5wq","Bad Bunny","MR. OCTOBER","Rimas Entertainment LLC",20,20,2,"9090984"
126,"spotify:track:3hxIUxnT27p5WcmjGUXNwx","Hotel Ugly","Shut up My Moms Calling","Hotel Ugly, under exclusive license to Amuseio AB",82,132,43,"9072621"
127,"spotify:track:5FVd6KXrgO9B3JPmC8OPst","Arctic Monkeys","Do I Wanna Know?","Domino Recording Co",98,141,110,"9007658"
128,"spotify:track:7bPp2NmpmyhLJ7zWazAXMu","Peso Pluma, Grupo Frontera","TULUM","Double P Records",30,136,17,"9005763"
129,"spotify:track:2eAvDnpXP5W0cVtiI0PUxV","Ruth B.","Dandelions","Columbia",34,130,115,"8995569"
130,"spotify:track:2tpWsVSb9UEmDRxAl1zhX1","OneRepublic","Counting Stars","Mosley / Interscope",101,165,132,"8970800"
131,"spotify:track:5odlY52u43F5BjByhxg7wg","JVKE","golden hour","JVKE",14,140,61,"8956185"
132,"spotify:track:0ll8uFnc0nANY35E0Lfxvg","Keane","Somewhere Only We Know","Interscope",120,160,53,"8944829"
133,"spotify:track:0B7wvvmu9EISAwZnOpjhNI","Bruno Mars","When I Was Your Man","Atlantic Records",72,150,61,"8939286"
134,"spotify:track:2BLdelIp46CHvKkyWeqZHL","juan karlos","ERE","Universal Music Philippines Inc.",90,90,3,"8932407"
135,"spotify:track:0yc6Gst2xkRu0eMLeRMGCX","Cigarettes After Sex","Apocalypse","Partisan Records",89,146,67,"8926795"
136,"spotify:track:5qaEfEh1AtSdrdrByCP7qR","Imagine Dragons","Demons","Kid Ina Korner / Interscope",119,162,49,"8868297"
137,"spotify:track:6I3mqTwhRpn34SLVafSH7G","Justin Bieber","Ghost","RBMG/Def Jam",11,152,108,"8865940"
138,"spotify:track:3kx21xR6IboC9HVdajgBoc","Fuerza Regida","SABOR FRESA","Rancho Humilde/Street Mob Records",15,142,18,"8851654"
139,"spotify:track:2gyxAWHebV7xPYVxqoi86f","Olivia Rodrigo","get him back!","Olivia Rodrigo PS",6,122,7,"8841846"
140,"spotify:track:7BqBn9nzAq8spo5e7cZ0dJ","Bruno Mars","Just the Way You Are","Atlantic Records",127,158,44,"8827431"
141,"spotify:track:3WMj8moIAXJhHsyLaqIIHI","Zach Bryan","Something in the Orange","Warner Records",57,143,43,"8813436"
142,"spotify:track:0J9g1MMJDhyvOb3NWckHMm","Bad Gyal, Tokischa, Young Miko","Chulo pt.2","Universal Music Latino/Interscope",64,131,13,"8800529"
143,"spotify:track:0DWdj2oZMBFSzRsi2Cvfzf","KAROL G, Shakira","TQG","Universal Music Latino",1,133,35,"8768113"
144,"spotify:track:1zi7xx7UVEFkmKfv06H8x0","Drake, Wizkid, Kyla","One Dance","Cash Money Records/Young Money Ent./Universal Rec.",12,147,165,"8737577"
145,"spotify:track:3dYD57lRAUcMHufyqn9GcI","Hozier","Take Me to Church","Columbia",108,174,116,"8730326"
146,"spotify:track:739WUU1tPFLO4x4HJq561K","FIFTY FIFTY","Cupid - Twin Ver.","WM Korea",4,186,32,"8727792"
147,"spotify:track:1Y3LN4zO1Edc2EluIoSPJN","Stephen Sanchez, Em Beihold","Until I Found You (with Em Beihold) - Em Beihold Version","Republic Records",10,153,47,"8704114"
148,"spotify:track:561jH07mF1jHuk7KlaeF0s","Eminem","Mockingbird","Aftermath",24,157,54,"8692855"
149,"spotify:track:23d8v6tU6lR77pFKsApMtF","Bad Bunny","NADIE SABE","Rimas Entertainment LLC",14,14,2,"8662328"
150,"spotify:track:0tgVpDi06FyKpA1z0VMD4v","Ed Sheeran","Perfect","Atlantic Records UK",4,170,345,"8656929"
151,"spotify:track:0dS2u2UFd88TIzDDaZDLvS","d4vd","Here With Me","Darkroom/Interscope Records",14,156,52,"8641644"
152,"spotify:track:3azJifCSqg9fRij2yKIbWz","Tory Lanez","The Color Violet","One Umbrella Records",70,178,37,"8632110"
153,"spotify:track:7lQ8MOhq6IN2w8EYcFNSUk","Eminem","Without Me","Aftermath",31,164,109,"8601826"
154,"spotify:track:6dBUzqjtbnIa1TwYbyw5CM","TV Girl","Lovers Rock","TV Girl",148,171,18,"8589108"
155,"spotify:track:6GGtHZgBycCgGBUhZo81xe","Lana Del Rey","Say Yes To Heaven","Polydor Records",18,175,23,"8504572"
156,"spotify:track:37F0uwRSrdzkBiuj0D5UHI","The Weeknd","Reminder","Universal Republic Records",65,166,45,"8494702"
157,"spotify:track:6Sq7ltF9Qa7SNFBsV5Cogx","Bad Bunny, Chencho Corleone","Me Porto Bonito","Rimas Entertainment LLC",2,106,77,"8480715"
158,"spotify:track:3eP13S8D5m2cweMEg3ZDed","Drake","Virginia Beach","OVO/Republic",11,87,3,"8476628"
159,"spotify:track:4Jc7252S1P99DjQ1lNGEOc","Bad Bunny","CYBERTRUCK","Rimas Entertainment LLC",23,23,2,"8466225"
160,"spotify:track:1DmW5Ep6ywYwxc2HMT5BG6","Loreen","Tattoo","Universal Music AB",11,168,24,"8460384"
161,"spotify:track:741UUVE2kuITl0c6zuqqbO","Nicki Minaj, Ice Spice, Aqua","Barbie World (with Aqua) [From Barbie The Album]","Atlantic Records",6,149,18,"8453404"
162,"spotify:track:0pqnGHJpmpxLKifKRmU6WP","Imagine Dragons","Believer","Kid Ina Korner / Interscope",16,172,351,"8444334"
163,"spotify:track:7MVIfkyzuUmQ716j8U7yGR","Taiu, Milo j","Rara Vez","Universal Music Argentina S.A.",40,159,28,"8440612"
164,"spotify:track:0JXXNGljqupsJaZsgSbMZV","Miguel","Sure Thing","Jive",14,173,46,"8437785"
165,"spotify:track:70LcF31zb1H0PyJoS1Sx1r","Radiohead","Creep","XL Recordings",145,169,19,"8405894"
166,"spotify:track:5PUXKVVVQ74C3gl5vKy9Li","Jasleen Royal, Arijit Singh, Dulquer Salmaan","Heeriye (feat. Arijit Singh)","Warner Music India",33,123,11,"8389698"
167,"spotify:track:4W4fNrZYkobj539TOWsLO2","The Weeknd, Ariana Grande","Die For You (with Ariana Grande) - Remix","XO / Republic Records",2,177,35,"8349895"
168,"spotify:track:1zv3WFUbZ5vPxFq9I2jAU1","Rihanna, Calvin Harris","We Found Love","Def Jam Recordings",59,192,37,"8280996"
169,"spotify:track:54ipXppHLA8U4yqpOFTUhr","Imagine Dragons","Bones","Kid Ina Korner / Interscope",26,176,85,"8266418"
170,"spotify:track:4pcafPzLDSqQktqSpxHL3E","Bad Bunny, Eladio Carrion","THUNDER Y LIGHTNING","Rimas Entertainment LLC",46,46,2,"8266174"
171,"spotify:track:1qrpoAMXodY6895hGKoUpA","Taylor Swift","You Belong With Me (Taylor’s Version)","Taylor Swift",52,181,9,"8203611"
172,"spotify:track:3TYOH7ta0101NYssoH5GlU","Bad Bunny, YOVNGCHIMI","MERCEDES CAROTA","Rimas Entertainment LLC",35,35,2,"8172512"
173,"spotify:track:1daDRI9ahBonbWD8YcxOIB","Miley Cyrus","Angels Like You","RCA Records Label",24,184,32,"8140673"
174,"spotify:track:3F5CgOj3wFlRv51JsHbxhe","Drake, 21 Savage","Jimmy Cooks (feat. 21 Savage)","OVO",7,144,71,"8134306"
175,"spotify:track:5w40ZYhbBMAlHYNDaVJIUu","Post Malone","Chemical","Mercury Records/Republic Records",18,183,28,"8116939"
176,"spotify:track:6JIC3hbC28JZKZ8AlAqX8h","Elton John, Dua Lipa, PNAU","Cold Heart - PNAU Remix","EMI",4,188,115,"8111123"
177,"spotify:track:2HbKqm4o0w5wEeEFXm2sD4","Kendrick Lamar, Jay Rock","Money Trees","Aftermath",62,187,41,"8071627"
178,"spotify:track:2LawezPeJhN4AWuSB0GtAU","Creedence Clearwater Revival","Have You Ever Seen The Rain","Craft Recordings",161,193,14,"8057381"
179,"spotify:track:1haJsMtoBhHfvuM7XWuT3W","Junior H, Peso Pluma","El Azul","WEA Latina",14,182,35,"8043811"
180,"spotify:track:0KKkJNfGyhkQ5aFogxQAPU","Bruno Mars","That's What I Like","Atlantic Records",6,189,90,"8017560"
181,"spotify:track:42VsgItocQwOQC3XWZ8JNA","Travis Scott, Playboi Carti","FE!N (feat. Playboi Carti)","Cactus Jack/Epic",5,179,13,"7967096"
182,"spotify:track:4EWCNWgDS8707fNSZ1oaA5","Kanye West","Heartless","Roc-A-Fella",160,190,16,"7948975"
183,"spotify:track:2Hh3ETdQKrmSI3QS0hme7g","Metro Boomin, Future, Don Toliver","Too Many Nights (feat. Don Toliver & with Future)","Republic Records",33,199,36,"7931638"
184,"spotify:track:5TRPicyLGbAF2LGBFbHGvO","Kanye West, Dwele","Flashing Lights","Roc-A-Fella",166,-1,6,"7887528"
185,"spotify:track:2tTmW7RDtMQtBk7m2rYeSw","Bizarrap, Quevedo","Quevedo: Bzrp Music Sessions, Vol. 52","DALE PLAY Records",1,167,68,"7868391"
186,"spotify:track:6rjuKpPydT2SxN15TZpV7r","Lil Tecca","500lbs","Galactic Records/Lil Tecca",186,197,2,"7835024"
187,"spotify:track:0NZPBYD5qbEWRs3PrGiRkT","Sam Smith, Kim Petras","Unholy (feat. Kim Petras)","Capitol Records UK / EMI",1,195,56,"7790352"
188,"spotify:track:4eMKD8MRroxCqugpsxCCNb","Tainy, Bad Bunny","MOJABI GHOST","NEON16, LLC",12,134,17,"7755887"
189,"spotify:track:5QO79kh1waicV47BqGRL3g","The Weeknd","Save Your Tears","Republic Records",2,198,150,"7753967"
190,"spotify:track:1z9kQ14XBSN0r2v6fx4IdG","Rihanna","Diamonds","Def Jam Recordings",77,-1,11,"7752962"
191,"spotify:track:0AYt6NMyyLd0rLuvr0UkMH","Drake, SZA","Slime You Out (feat. SZA)","OVO/Republic",6,96,6,"7737610"
192,"spotify:track:2O223PoYCkIPSsE4cmnr9v","Fuerza Regida","TQM","Rancho Humilde/Street Mob Records",9,-1,22,"7709271"
193,"spotify:track:3KZCP2StVGdWkOKyRZNWA4","Plan B","Es un Secreto","Pina Records",157,191,10,"7707301"
194,"spotify:track:6gMj2DzKR2PjrrbNSwcGFR","Anuel AA, Quevedo, Maluma, Mambo Kingz, DJ Luian","OA","Hear This Music",194,194,2,"7703100"
195,"spotify:track:6YvqWjhGD8mB5QXcbcUKtx","Taylor Swift","Love Story (Taylor’s Version)","Taylor Swift",8,196,12,"7675200"
196,"spotify:track:6hwGwCfCwHoSJQw7AYPEQu","Jere Klein, Gittobeatz","ANDO","2023 Jere Klein",196,-1,1,"7660616"
197,"spotify:track:5uCax9HTNlzGybIStD3vDh","James Arthur","Say You Won't Let Go","Columbia",7,-1,288,"7644518"
198,"spotify:track:1U3A66OHQyTu4N2QTMsP86","Bad Bunny","GRACIAS POR NADA","Rimas Entertainment LLC",26,26,2,"7632510"
199,"spotify:track:39L3LdlHS3gqB62HPWaJRg","Bad Bunny","NO ME QUIERO CASAR","Rimas Entertainment LLC",48,48,2,"7610714"
200,"spotify:track:67nepsnrcZkowTxMWigSbb","Travis Scott, Drake","MELTDOWN (feat. Drake)","Cactus Jack/Epic",3,180,13,"7602660"
